,timestamp,tick,secondsPerLiquidity,initialized
0,1625510907,-421077019517,53037335994064123400199,True
1,1625509862,-420996456287,53037122716359624532504,True
2,1625509739,-420986973725,53037097611491151694128,True
3,1625509729,-420986202835,53037095570444934390195,True
4,1625509684,-420982734235,53037086385736956522497,True
5,1625509500,-420968553171,53037048830486558130130,True
6,1625508427,-420885860280,53036829826227441418118,True
7,1625508143,-420863973252,53036771856928368472294,True
8,1625508126,-420862663283,53036768386935114105819,True
9,1625508052,-420856962027,53036753282258595098809,True
10,1625508045,-420856422775,53036752495438390793749,True
11,1625507922,-420846948331,53036738669883372290539,True
12,1625507886,-420844177411,53036734580089542030291,True
13,1625507858,-420842022615,53036731399138785161209,True
14,1625507831,-420839945073,53036728331793412466023,True
15,1625507735,-420832560465,53036717425676531772027,True
16,1625507727,-420831945153,53036716466730722241722,True
17,1625507711,-420830714737,53036714548839103181112,True
18,1625507698,-420829715206,53036712990552162694367,True
19,1625507640,-420825256804,53036706038195043599655,True
20,1625507598,-420822028642,53036701003729543565553,True
21,1625507587,-420821183435,53036699628244260203284,True
22,1625507475,-420812578699,53036685623303193241993,True
23,1625507396,-420806510788,53036675744817976367511,True
24,1625507321,-420800748913,53036666366509226170218,True
25,1625507080,-420782233365,53036636230877108869582,True
26,1625507017,-420777392823,53036628353097758703856,True
27,1625506933,-420770936919,53036617849391958482888,True
28,1625506845,-420764173415,53036606845509691584731,True
29,1625506715,-420754181355,53036590669144289953126,True
30,1625506702,-420753182123,53036589051507749789966,True
31,1625506567,-420742804673,53036572252974448095607,True
32,1625506542,-420740882273,53036569142134947781837,True
33,1625506503,-420737883134,53036564289225327292356,True
34,1625506486,-420736575358,53036562288359362946855,True
35,1625506440,-420733036532,53036556874251459423733,True
36,1625506428,-420732113120,53036555461875484591615,True
37,1625506365,-420727264829,53036548046901616722992,True
38,1625506360,-420726879859,53036547464862657180843,True
39,1625506301,-420722336918,53036540596802934583480,True
40,1625506301,-420722336918,53036540596802934583480,True
41,1625505880,-420689916550,53036491589122541134498,True
42,1625505877,-420689685505,53036491239899165409209,True
43,1625505374,-420650945954,53036432686779835468976,True
44,1625503614,-420515396034,53036227810017326472407,True
45,1625501943,-420386700627,53036013198541989358886,True
46,1625501720,-420369525836,53035982799292551032488,True
47,1625501711,-420368832773,53035981572417013162813,True
48,1625500820,-420300223991,53035860111738764064960,True
49,1625500786,-420297605549,53035855476875621001743,True
50,1625500473,-420273500480,53035812808811663934692,True
51,1625500091,-420244081514,53035760727489249834995,True
52,1625499986,-420235995884,53035746411942512975131,True
53,1625499974,-420235071980,53035744775880028762576,True
54,1625499513,-420199568987,53035681923812926930219,True
55,1625499509,-420199260919,53035681378458765526034,True
56,1625499340,-420186243863,53035658337245446199205,True
57,1625498597,-420129013545,53035557037709965371784,True
58,1625497394,-420036318786,53035210966021825634732,True
59,1625497153,-420017749013,53035141636614642196138,True
60,1625497024,-420007809563,53035104526682996289173,True
61,1625496143,-419939930275,53034851085987026955555,True
62,1625495415,-419883847339,53034751831529651393829,True
63,1625495378,-419880996822,53034741187595768459273,True
64,1625493717,-419752975247,53034263361266591316095,True
65,1625492807,-419682836997,53034001565224203629324,True
66,1625490786,-419527088632,53033420147859736030462,True
67,1625490785,-419527011567,53033419859932098540600,True
68,1625490772,-419526009930,53033416116872811172388,True
69,1625490590,-419511989742,53033350100698599296307,True
70,1625490469,-419502669596,53033306210824535356715,True
71,1625490106,-419474713151,53033174541202343537938,True
72,1625488768,-419371667081,53032688222568128970998,True
73,1625488548,-419354723781,53032608217269041924726,True
74,1625488263,-419332777356,53032504574040679160238,True
75,1625487847,-419300743276,53032353573011069476381,True
76,1625487286,-419257543471,53032150061666912106443,True
77,1625486639,-419207741293,53031907276998453600194,True
78,1625486624,-419206586728,53031901648296711903759,True
79,1625486586,-419203662666,53031887388918966272790,True
80,1625486586,-419203662666,53031887388918966272790,True
81,1625486555,-419201277247,53031875862355254865273,True
82,1625486178,-419172270867,53031735684467538715781,True
83,1625486126,-419168270039,53031716349586474419300,True
84,1625486101,-419166345064,53031707360434703792086,True
85,1625485807,-419143697068,53031601648009881216046,True
86,1625485793,-419142618886,53031596614084889664806,True
87,1625485571,-419125514452,53031533136994545195673,True
88,1625484972,-419079351918,53031361863223750884812,True
89,1625484870,-419071487208,53031332673990820555798,True
90,1625484828,-419068248504,53031320654894908067381,True
91,1625484710,-419059148816,53031286886958772980875,True
92,1625484665,-419055678236,53031274009356009600428,True
93,1625484488,-419042018792,53031210627689012376999,True
94,1625484434,-419037851018,53031191290909250512224,True
95,1625484369,-419032834253,53031167965355604239726,True
96,1625484362,-419032294049,53031165453372903871919,True
97,1625484263,-419024646497,53031129849451466919986,True
98,1625484140,-419015134169,53031085616655401781289,True
99,1625483737,-418983958089,53030955661221513363553,True
100,1625483726,-418983107107,53030952114050861322375,True
101,1625483706,-418981559827,53030945664649675792959,True
102,1625483624,-418975213191,53030919222104815122353,True
103,1625483524,-418967472291,53030887645919511286916,True
104,1625482929,-418921413936,53030699747868829880191,True
105,1625482421,-418882090164,53030539323610071222838,True
106,1625482340,-418875820845,53030513200668756860641,True
107,1625480616,-418742384969,53029957101774940218636,True
108,1625479776,-418677398369,53029686148717628165687,True
109,1625479722,-418673222333,53029666723188468556901,True
110,1625478429,-418573243694,53029201589684702368732,True
111,1625478346,-418566825885,53029171731166537735834,True
112,1625477810,-418525377005,53028978909892607094463,True
113,1625477805,-418524990355,53028977108473072958671,True
114,1625477656,-418513466248,53028928980456209053480,True
115,1625475823,-418371680032,53028336908946735642639,True
116,1625475821,-418371525382,53028336188378921988322,True
117,1625475764,-418367118427,53028315652196232840286,True
118,1625472528,-418117069471,53027149710650719135317,True
119,1625472121,-418085620174,53027003067395362078201,True
120,1625472121,-418085620174,53027003067395362078201,True
121,1625471405,-418030304878,53026745090562842046517,True
122,1625471263,-418019334526,53026691996897959663012,True
123,1625470818,-417984955606,53026531674813420516996,True
124,1625470069,-417927095356,53026261829327308561118,True
125,1625470046,-417925318261,53026253543017321144583,True
126,1625469853,-417910403607,53026184010068296301480,True
127,1625469623,-417892624607,53026101151432875518996,True
128,1625469269,-417865254389,53025973621185314836390,True
129,1625469231,-417862316077,53025959931497723576676,True
130,1625468785,-417827827789,53025799257795994581077,True
131,1625468520,-417807335869,53025703790110122571247,True
132,1625466843,-417677656813,53025099707948366009233,True
133,1625466798,-417674177053,53025083495036237319683,True
134,1625466746,-417670155997,53025064758062812407291,True
135,1625465848,-417600709167,53024741184944820650969,True
136,1625465800,-417596997999,53024723889277043808761,True
137,1625465794,-417596534187,53024721727318571703485,True
138,1625465667,-417586719627,53024675963398112473033,True
139,1625465507,-417574357227,53024618308065250450416,True
140,1625464810,-417520503522,53024367123937865212972,True
141,1625464801,-417519808254,53024363880527325087955,True
142,1625464284,-417479874140,53024177564610742350855,True
143,1625462345,-417330113536,53023478789828819861035,True
144,1625462334,-417329263863,53023474825660381930459,True
145,1625462320,-417328182265,53023469780355097291544,True
146,1625462315,-417327795965,53023467978460352777646,True
147,1625462184,-417317674512,53023420768818046513507,True
148,1625460245,-417167849921,53022721994036124023687,True
149,1625460125,-417158578601,53022678748562255690125,True
150,1625459673,-417123656629,53022515950709770709699,True
151,1625459666,-417123115858,53022513429504090632569,True
152,1625459653,-417122111686,53022508747264970489327,True
153,1625458652,-417044798450,53022148214852719459665,True
154,1625458236,-417012667442,53021998383200874875910,True
155,1625457696,-416970957302,53021803890191268925843,True
156,1625455107,-416771003654,53020871404261880398575,True
157,1625455095,-416770076966,53020867082195000266352,True
158,1625455087,-416769459190,53020864200817080178203,True
159,1625454208,-416701588084,53020548305912837132500,True
160,1625454208,-416701588084,53020548305912837132500,True
161,1625454166,-416698344928,53020533211958368181511,True
162,1625453640,-416657724052,53020343761360122385705,True
163,1625453300,-416631462792,53020221302798518639367,True
164,1625451706,-416508319916,53019647188247941075649,True
165,1625451690,-416507083708,53019641425492100899351,True
166,1625451260,-416473858898,53019486551428896161335,True
167,1625449492,-416337250842,53018848960388552445982,True
168,1625449480,-416336323422,53018844633080940685550,True
169,1625449462,-416334932112,53018838142119523044902,True
170,1625449445,-416333617927,53018832011767073050956,True
171,1625449432,-416332612910,53018827323850493643821,True
172,1625448721,-416277642656,53018570930874496838197,True
173,1625448715,-416277178706,53018568767220690957981,True
174,1625448668,-416273543867,53018551818599211562954,True
175,1625448480,-416259000563,53018491044201023892230,True
176,1625448425,-416254744553,53018473264456873243880,True
177,1625448400,-416252809653,53018465182754986585539,True
178,1625448258,-416241812747,53018420236931863130601,True
179,1625447215,-416161017795,53018090771126733984795,True
180,1625445682,-416042265483,53017606150534833170800,True
181,1625444320,-415936762239,53017175586668275584451,True
182,1625443779,-415894855297,53017004556042437327508,True
183,1625443777,-415894700355,53017003923766556224895,True
184,1625443481,-415871767163,53016910346936153038102,True
185,1625443466,-415870605128,53016905604867044768501,True
186,1625443322,-415859450600,53016860081003605380332,True
187,1625443285,-415856583803,53016848383899804981983,True
188,1625443276,-415855886141,53016845538658340020223,True
189,1625442871,-415824488516,53016734061482818289170,True
190,1625442832,-415821464885,53016723326643693974328,True
191,1625442427,-415790064425,53016611849468172243275,True
192,1625442403,-415788203969,53016604262157599011914,True
193,1625442063,-415761853969,53016496775257811567624,True
194,1625441989,-415756117415,53016476406588703893309,True
195,1625440655,-415652700399,53016109220040195277939,True
196,1625440640,-415651537554,53016105091255916695308,True
197,1625440624,-415650297298,53016100033048867874401,True
198,1625440544,-415644097378,53016074742013623769863,True
199,1625440220,-415618992562,53015972313320885146481,True
200,1625440220,-415618992562,53015972313320885146481,True
201,1625440040,-415605046702,53015915408491585911269,True
202,1625439948,-415597919738,53015886323801055191050,True
203,1625439910,-415594976372,53015874286312706405571,True
204,1625439612,-415571896570,53015779887061971193126,True
205,1625439574,-415568950354,53015769427475132117126,True
206,1625439479,-415561582724,53015743278508034427126,True
207,1625438980,-415522880783,53015605927617700244915,True
208,1625438926,-415518687197,53015589389872339642599,True
209,1625438853,-415513015681,53015567033290648457986,True
210,1625438773,-415506799681,53015542532927151269369,True
211,1625438108,-415455119206,53015345550258253152599,True
212,1625437861,-415435923107,53015272385266948137799,True
213,1625435860,-415280383376,53014679659973015608992,True
214,1625435658,-415264682522,53014619824635996932921,True
215,1625435035,-415216258601,53014457238343628708574,True
216,1625435018,-415214937344,53014452801799535193624,True
217,1625434842,-415201259328,53014406870519508215318,True
218,1625434814,-415199083448,53014399563270413014224,True
219,1625434666,-415187583552,53014360939239481237012,True
220,1625434643,-415185796544,53014354758452209031277,True
221,1625434319,-415160627576,53014267689970635350483,True
222,1625434295,-415158763328,53014261240453481744499,True
223,1625434049,-415139662412,53014195132902657283156,True
224,1625434009,-415136556772,53014184383707401273182,True
225,1625432071,-414986104018,53013663581554906326746,True
226,1625430700,-414879669175,53013295140337227635557,True
227,1625429654,-414798465057,53013013952954091171264,True
228,1625424523,-414400063431,53011634639025637575581,True
229,1625424491,-414397578759,53011626041250059203638,True
230,1625424463,-414395404643,53011618518196428128188,True
231,1625424305,-414383136417,53011575659535528125428,True
232,1625422539,-414245981793,53011096619059898980655,True
233,1625421265,-414147035309,53010751037199224274856,True
234,1625421024,-414128321659,53010685664178484397229,True
235,1625420852,-414114966891,53010639007914719837263,True
236,1625420532,-414090122091,53010552204950745180561,True
237,1625418409,-413925307232,53009976321536625817501,True
238,1625418143,-413904654194,53009904167082199230576,True
239,1625417673,-413868161984,53009776670338982060466,True
240,1625417673,-413868161984,53009776670338982060466,True
241,1625417596,-413862183473,53009755747790279691181,True
242,1625417341,-413842384508,53009686324814335521754,True
243,1625417269,-413836794212,53009666769112392367714,True
244,1625417262,-413836250704,53009664867863592338849,True
245,1625417245,-413834930416,53009660250545077983034,True
246,1625415783,-413721359332,53009263161152843382930,True
247,1625415730,-413717242186,53009248726248282504229,True
248,1625415576,-413705279158,53009206900205183769918,True
249,1625415355,-413688119171,53009146877117360261588,True
250,1625415256,-413680437959,53009119988756740482255,True
251,1625414406,-413614510259,53008910096124688666544,True
252,1625414341,-413609471979,53008891938863431533280,True
253,1625414188,-413597613714,53008849199463857050365,True
254,1625413963,-413580175089,53008786347385637474401,True
255,1625410974,-413348542534,53007951392444311640806,True
256,1625410640,-413322663546,53007858092025976803596,True
257,1625410113,-413281834748,53007710878491658063448,True
258,1625406846,-413028727190,53006798294502637121332,True
259,1625403551,-412773450360,53005789681425104352329,True
260,1625403476,-412767639810,53005766704255766697931,True
261,1625403452,-412765780362,53005759351561578648524,True
262,1625403411,-412762603764,53005746790709007397453,True
263,1625403373,-412759659068,53005735148943209652558,True
264,1625403304,-412754310947,53005714009947419010512,True
265,1625403298,-412753845791,53005712401787163436240,True
266,1625401386,-412605604607,53005199934719053768091,True
267,1625401221,-412592811662,53005155710312025475600,True
268,1625400992,-412575056147,53005094332195604390869,True
269,1625400819,-412561641554,53005047963574901999348,True
270,1625400725,-412554351666,53005022769064231335747,True
271,1625400550,-412540780066,53004975866113952396893,True
272,1625399578,-412465391746,53004715353727260233656,True
273,1625399568,-412464616006,53004712673558672865722,True
274,1625399444,-412455002658,53004679439468189503334,True
275,1625399051,-412424534547,53004574101732164918247,True
276,1625398552,-412385848574,53004440065328934012628,True
277,1625397875,-412333362795,53004258194636552070290,True
278,1625397334,-412291412573,53004112859267898258170,True
279,1625396410,-412219763765,53003864804360910113278,True
280,1625396410,-412219763765,53003864804360910113278,True
281,1625396386,-412217902949,53003858361376313018606,True
282,1625396325,-412213173375,53003841993702155121480,True
283,1625396123,-412197512517,53003787792551665035913,True
284,1625396087,-412194722157,53003776749594527422976,True
285,1625395880,-412178678001,53003713252590986148585,True
286,1625395747,-412168369969,53003672454999338856344,True
287,1625395302,-412133881134,53003535951779165585310,True
288,1625395166,-412123340726,53003496956214200237711,True
289,1625394888,-412101794892,53003411680045193115582,True
290,1625394881,-412101252469,53003409532803527468622,True
291,1625394830,-412097300530,53003393888587676891377,True
292,1625393936,-412028028046,53003119654686296184363,True
293,1625393635,-412004704760,53003012312287357282596,True
294,1625393364,-411983706054,53002915667971137723788,True
295,1625392918,-411949147298,53002756611258001098142,True
296,1625392668,-411929775798,53002667453907531728540,True
297,1625391501,-411839364807,53002251267395540711234,True
298,1625390489,-411760953023,53001890358440840703082,True
299,1625390483,-411760488071,53001888218664429438212,True
300,1625390333,-411748863521,53001834724254147816451,True
301,1625389963,-411720189631,53001703681447546806857,True
302,1625387269,-411511334587,53000884931285048926923,True
303,1625387261,-411510714259,53000882499955687389047,True
304,1625387212,-411506913966,53000867608063347969554,True
305,1625387193,-411505440250,53000861833656114317098,True
306,1625387151,-411502182226,53000849069176966243247,True
307,1625385219,-411352311190,53000261903136154846056,True
308,1625383537,-411221888910,52999750716137891507508,True
309,1625383501,-411219098154,52999739775155764587064,True
310,1625383319,-411204994428,52999675316261706793156,True
311,1625382733,-411159583530,52999468689136843632194,True
312,1625381858,-411091777155,52999160193616146952632,True
313,1625381808,-411087903155,52999142565300678570943,True
314,1625381792,-411086663475,52999136768587360522194,True
315,1625381786,-411086198601,52999134594819866253913,True
316,1625381745,-411083022003,52999119740741988753993,True
317,1625381735,-411082247483,52999116142004704282845,True
318,1625381700,-411079536978,52999103546424208633827,True
319,1625381576,-411069934418,52999058922081881191590,True
320,1625381576,-411069934418,52999058922081881191590,True
321,1625381507,-411064592231,52999034090794618340668,True
322,1625381497,-411063818671,52999030845380783114159,True
323,1625380863,-411014780673,52998825086143629753456,True
324,1625380565,-410991738419,52998729444396863320051,True
325,1625379575,-410915203499,52998411708392505034578,True
326,1625379307,-410894484955,52998325681395995080131,True
327,1625379031,-410873147947,52998236931739425010702,True
328,1625378933,-410865571763,52998205482535058098876,True
329,1625378691,-410846863227,52998127189666665773644,True
330,1625378557,-410836503955,52998083837766189537418,True
331,1625378554,-410836272031,52998082869164438369320,True
332,1625378179,-410807281906,52997961793945542357063,True
333,1625378176,-410807050054,52997960825343791188965,True
334,1625378121,-410802800039,52997955267064277023129,True
335,1625377853,-410782092215,52997928183084098905963,True
336,1625377618,-410763936350,52997904434071629288298,True
337,1625377558,-410759301290,52997898370493977471022,True
338,1625377516,-410756056958,52997894125989621198929,True
339,1625377513,-410755825220,52997893822810881190138,True
340,1625377485,-410753662528,52997890993142641108085,True
341,1625377396,-410746788435,52997881998840020847271,True
342,1625377344,-410742774919,52997876750437110702615,True
343,1625377321,-410740999825,52997874429028131215556,True
344,1625377309,-410740073905,52997873298631001448608,True
345,1625377289,-410738531525,52997871414635785170360,True
346,1625377260,-410736295712,52997868683585072174550,True
347,1625377057,-410720645833,52997849566230081203874,True
348,1625376922,-410710238278,52997836853137206599185,True
349,1625376892,-410707925728,52997834028005456687032,True
350,1625376829,-410703069373,52997828094503365763578,True
351,1625376677,-410691353821,52997813778752289249848,True
352,1625376417,-410671316661,52997789291283342581625,True
353,1625376253,-410658678821,52997773845341391606285,True
354,1625373988,-410484151511,52997560521813836977342,True
355,1625373799,-410469588305,52997542721307564206980,True
356,1625373245,-410426903159,52997490544162193229305,True
357,1625373209,-410424129827,52997487008271115708798,True
358,1625373191,-410422743323,52997485240325576948545,True
359,1625372634,-410379840955,52997430532233071978475,True
360,1625372634,-410379840955,52997430532233071978475,True
361,1625372269,-410351727560,52997394682226313784444,True
362,1625370810,-410239372888,52997251380418477606110,True
363,1625370177,-410190626824,52997189204929102051202,True
364,1625368247,-410042007174,52996999633531795856932,True
365,1625368197,-410038157174,52996994722355699841537,True
366,1625368174,-410036386335,52996992463214695674456,True
367,1625367866,-410012672799,52996962210369944219620,True
368,1625366947,-409941917151,52996871897656972872794,True
369,1625365971,-409866777839,52996775983393795468548,True
370,1625365876,-409859464454,52996766647476785372848,True
371,1625365208,-409808055174,52996698700363795980412,True
372,1625365043,-409795356774,52996681915820981234053,True
373,1625364850,-409780504073,52996662282992113076191,True
374,1625363468,-409674156409,52996521699730476836990,True
375,1625361846,-409549340265,52996356688208984751701,True
376,1625361840,-409548878535,52996356077808781944974,True
377,1625361807,-409546338855,52996352720607666507974,True
378,1625361730,-409540412319,52996344887138397154974,True
379,1625361322,-409509008151,52996303379924606297516,True
380,1625361316,-409508546313,52996302769524403490789,True
381,1625361145,-409495383588,52996285373118623499060,True
382,1625360918,-409477910263,52996262272314346912668,True
383,1625360888,-409475600953,52996259219344618729445,True
384,1625360862,-409473599473,52996256573437520970652,True
385,1625360823,-409470597097,52996252739035186424270,True
386,1625360766,-409466208724,52996247134908697471865,True
387,1625360731,-409463513829,52996243693778397237932,True
388,1625360212,-409423543563,52996192666731945197606,True
389,1625359938,-409402440083,52996165727597594794814,True
390,1625359911,-409400360543,52996163072947014176745,True
391,1625359671,-409381872623,52996139476052964238349,True
392,1625359551,-409372627583,52996128163457047174475,True
393,1625359515,-409369853999,52996124769678272055313,True
394,1625359214,-409346661347,52996096393916846753430,True
395,1625358027,-409255199436,52995984493488900463277,True
396,1625357588,-409221373169,52995943091660336434277,True
397,1625357068,-409181301449,52995894050770010021794,True
398,1625356998,-409175907249,52995887449111696850883,True
399,1625356972,-409173903871,52995884997067180530259,True
400,1625356972,-409173903871,52995884997067180530259,True
401,1625356964,-409173287455,52995884242591944739298,True
402,1625356611,-409146088452,52995850951372165463132,True
403,1625356422,-409131526002,52995833126894719901672,True
404,1625356396,-409129522754,52995830674850203581048,True
405,1625356387,-409128829358,52995829826065563316217,True
406,1625356213,-409115424572,52995812711168301143297,True
407,1625356212,-409115347541,52995812612806822625062,True
408,1625356123,-409108492049,52995803858635234502132,True
409,1625355709,-409076604113,52995763136983127952770,True
410,1625355540,-409063587057,52995746513770451959404,True
411,1625355419,-409054267153,52995734592333220448494,True
412,1625355403,-409053035377,52995733015944826199118,True
413,1625355366,-409050186932,52995729370546664497435,True
414,1625355358,-409049571116,52995728554653388197298,True
415,1625355336,-409047877798,52995726310946878371920,True
416,1625355335,-409047800834,52995726208960218834403,True
417,1625355256,-409041720915,52995718152014115370546,True
418,1625353076,-408873950295,52995495821096323583075,True
419,1625352974,-408866100681,52995485418457050756322,True
420,1625352738,-408847941661,52995461349605399902266,True
421,1625351679,-408766462201,52995353345732949671564,True
422,1625351632,-408762845457,52995348552359951408257,True
423,1625351612,-408761306377,52995346512626760657914,True
424,1625351599,-408760305962,52995345186800186670191,True
425,1625351593,-408759844214,52995344574880229445088,True
426,1625351298,-408737140719,52995314488815665877518,True
427,1625351296,-408736986795,52995314284842346802484,True
428,1625351288,-408736371035,52995313468949070502347,True
429,1625351262,-408734369659,52995310817295922526901,True
430,1625350475,-408673775381,52995233278691780385690,True
431,1625349552,-408602737609,52995139145005027257325,True
432,1625349519,-408600196411,52995135893703964117986,True
433,1625349427,-408593111767,52995126829470697184071,True
434,1625349063,-408565062291,52995092446375165534582,True
435,1625346837,-408393528957,52994881931528463243028,True
436,1625346451,-408363784183,52994845426927446745129,True
437,1625344168,-408187858486,52994629562434169847221,True
438,1625343412,-408129602638,52994558080368065013748,True
439,1625342014,-408021875554,52994425895252859809415,True
440,1625341859,-408009932649,52994411239535508731682,True
441,1625338734,-407769160774,52994115761363107970922,True
442,1625336648,-407608440732,52993918591238353186577,True
443,1625336477,-407595265695,52993902433426799070637,True
444,1625336386,-407588253053,52993893834825328751628,True
445,1625336287,-407580623024,52993884480302850052926,True
446,1625335786,-407542008449,52993837140749700274646,True
447,1625335532,-407522431399,52993813140083687703630,True
448,1625334267,-407424911284,52993693609207680214121,True
449,1625334231,-407422136080,52993690207538481582009,True
450,1625334195,-407419361272,52993686805869282949897,True
451,1625334158,-407416509460,52993683309709273244671,True
452,1625334146,-407415584752,52993682175819540367301,True
453,1625332830,-407314179056,52993557825912168148966,True
454,1625331864,-407239742960,52993466364381359892225,True
455,1625331771,-407232576752,52993457559078704438937,True
456,1625331534,-407214314243,52993435119759034090234,True
457,1625330637,-407145193217,52993350191194712137546,True
458,1625329175,-407032512491,52993211768049741463264,True
459,1625328939,-407014322319,52993189423410744829112,True
460,1625328643,-406991507527,52993161312025555159824,True
461,1625328507,-406981025055,52993148393011407388980,True
462,1625327940,-406937322396,52993094774109966499864,True
463,1625327755,-406923063151,52993077226310133270741,True
464,1625327550,-406907262366,52993057781844929094827,True
465,1625326896,-406856854008,52992995821217947539404,True
466,1625326874,-406855158292,52992993736915510850996,True
467,1625326689,-406840898677,52992976209826838698469,True
468,1625326560,-406830955486,52992963935061474956794,True
469,1625326365,-406815924301,52992945380183599533332,True
470,1625324407,-406664972291,52992759070179086306974,True
471,1625322965,-406553801301,52992621832207938319100,True
472,1625322753,-406537457161,52992601655751708517832,True
473,1625322581,-406524197853,52992585286174012641331,True
474,1625320793,-406386368085,52992415118703546204216,True
475,1625320777,-406385134725,52992413595952132634309,True
476,1625320718,-406380587005,52992407980806295095277,True
477,1625320694,-406378737205,52992405696679174740417,True
478,1625320528,-406365943087,52992389898133258952632,True
479,1625320381,-406354614238,52992375907854646779111,True
480,1625320381,-406354614238,52992375907854646779111,True
481,1625320377,-406354305986,52992375527166793386635,True
482,1625320363,-406353227244,52992374194759306512967,True
483,1625320313,-406349374844,52992369436161139107008,True
484,1625319089,-406255070540,52992252945678001009118,True
485,1625319084,-406254685320,52992252469818184268523,True
486,1625318975,-406246287742,52992242096074179323532,True
487,1625318963,-406245363274,52992240870749857347361,True
488,1625318955,-406244746978,52992240053866976029914,True
489,1625318950,-406244361803,52992239543315175206510,True
490,1625318814,-406233885315,52992225656306192809900,True
491,1625317617,-406141682799,52992103430205075686790,True
492,1625317584,-406139140545,52992100060563190252319,True
493,1625317505,-406133053516,52992092541978085750903,True
494,1625317163,-406106700022,52992059993166620694140,True
495,1625316694,-406070560289,52992015333922531158147,True
496,1625316524,-406057460259,52991999146136827061945,True
497,1625316496,-406055302607,52991996479867559171289,True
498,1625316328,-406042356527,52991980482251951827348,True
499,1625316322,-406041894161,52991979910908537279351,True
500,1625316105,-406025170622,52991959247321711126761,True
501,1625315490,-405977771957,52991900684621719956976,True
502,1625313970,-405860624037,52991755871902531067411,True
503,1625313882,-405853842141,52991747488008262236963,True
504,1625313839,-405850529550,52991743093476471110566,True
505,1625313795,-405847140670,52991738596746266237044,True
506,1625313771,-405845292286,52991736143984336306032,True
507,1625313758,-405844291104,52991734815404957593401,True
508,1625313594,-405831663432,52991718054865103064818,True
509,1625313406,-405817188748,52991698841563318605222,True
510,1625313232,-405803793010,52991681059039326605383,True
511,1625312566,-405752522998,52991612994895771019793,True
512,1625312460,-405744362906,52991602161731382317667,True
513,1625312190,-405723577766,52991574571036580853965,True
514,1625312155,-405720883291,52991570994465032516078,True
515,1625312142,-405719882278,52991569666024171704863,True
516,1625312082,-405715262038,52991563534758660268485,True
517,1625311989,-405708100573,52991554031297117542099,True
518,1625311946,-405704789272,52991549637223501012695,True
519,1625311926,-405703249012,52991547593468330533903,True
520,1625311926,-405703249012,52991547593468330533903,True
521,1625311497,-405670209577,52991503754919923763798,True
522,1625311281,-405653573689,52991481682364082592836,True
523,1625311277,-405653265597,52991481273613048497078,True
524,1625311263,-405652187233,52991479842984429161924,True
525,1625311201,-405647411373,52991473507343400677667,True
526,1625311132,-405642096165,52991466456388062525832,True
527,1625309789,-405538634131,52991329218228364874897,True
528,1625309327,-405503042575,52991282005350414388678,True
529,1625309059,-405482396391,52991254617310885553998,True
530,1625307382,-405353203665,52991095890184104049760,True
531,1625307249,-405342957611,52991083301806102348429,True
532,1625305931,-405241421527,52990958551911253077178,True
533,1625305459,-405205073279,52990913876683355614333,True
534,1625305262,-405189902703,52990895230454762817341,True
535,1625305255,-405189363668,52990894567898416880393,True
536,1625303899,-405084957092,52990766221269118237133,True
537,1625303898,-405084880096,52990766126618211657600,True
538,1625302974,-405013735792,52990678678946976734158,True
539,1625302579,-404983344097,52990640956668497250052,True
540,1625300509,-404824076227,52990442342397070660006,True
541,1625300270,-404805687328,52990419347527188823463,True
542,1625299399,-404738671717,52990335546140073617629,True
543,1625299394,-404738286887,52990335065075853668113,True
544,1625299378,-404737055207,52990333525670349829660,True
545,1625299211,-404724203555,52990317458125403515798,True
546,1625299154,-404719817063,52990311973993295670708,True
547,1625299150,-404719509187,52990311589141919681579,True
548,1625299132,-404718123745,52990309857085335361572,True
549,1625299074,-404713659543,52990304276014167140641,True
550,1625298981,-404706502170,52990295327055224993286,True
551,1625298960,-404704886409,52990293306322560637432,True
552,1625298944,-404703655689,52990291765744850815986,True
553,1625298927,-404702348372,52990290128881034130700,True
554,1625298881,-404698811156,52990285699720118394043,True
555,1625298677,-404683124372,52990266057354171405949,True
556,1625298459,-404666361044,52990245066982537906492,True
557,1625298450,-404665668908,52990244200407562211561,True
558,1625298101,-404638849654,52990210548888184043408,True
559,1625297813,-404616721174,52990182779152995182583,True
560,1625297813,-404616721174,52990182779152995182583,True
561,1625297798,-404615568649,52990181332806886482687,True
562,1625297559,-404597206040,52990158287692221197677,True
563,1625297533,-404595208460,52990155780692299451191,True
564,1625297530,-404594977961,52990155491423077711212,True
565,1625297510,-404593442381,52990153561235420236450,True
566,1625297492,-404592060755,52990151824066528509164,True
567,1625297487,-404591677075,52990151344960928574084,True
568,1625297456,-404589298352,52990148374506208976584,True
569,1625297146,-404565514532,52990118669959013001575,True
570,1625296424,-404510137132,52990049487110382375908,True
571,1625295839,-404465267632,52989993429948585120283,True
572,1625295203,-404416478164,52989932485752169642372,True
573,1625295180,-404414713765,52989930281753904037791,True
574,1625295138,-404411491819,52989926257029333846787,True
575,1625294117,-404333167846,52989828417827658256632,True
576,1625293375,-404276246800,52989757311905086357132,True
577,1625293354,-404274635890,52989755299473315454316,True
578,1625293319,-404271951075,52989751945420363949623,True
579,1625293157,-404259524217,52989736349942053626257,True
580,1625291297,-404116854777,52989557290746638802419,True
581,1625291194,-404108955810,52989547375103021744970,True
582,1625291177,-404107652233,52989545738540483007333,True
583,1625291137,-404104585433,52989541888230699991833,True
584,1625291107,-404102285423,52989539000498362730208,True
585,1625291084,-404100522128,52989536786570237496296,True
586,1625291047,-404097685560,52989533224935100784061,True
587,1625290892,-404085802640,52989518304452702814465,True
588,1625290760,-404075683520,52989505597977370350035,True
589,1625290724,-404072923868,52989502132575006950645,True
590,1625290699,-404071007568,52989499726045587923291,True
591,1625290675,-404069167968,52989497415777345657031,True
592,1625289165,-403953430998,52989352061400436404835,True
593,1625288513,-403903457154,52989289282507315674401,True
594,1625287294,-403810024461,52989171909085974922255,True
595,1625285377,-403663092162,52988987313176525266354,True
596,1625285251,-403653435270,52988975180112054396953,True
597,1625285234,-403652132373,52988973543111292454256,True
598,1625285209,-403650216373,52988971135757230773820,True
599,1625285145,-403645312181,52988964972930832871902,True
600,1625285145,-403645312181,52988964972930832871902,True
601,1625285115,-403643013461,52988962084105958855378,True
602,1625285111,-403642706981,52988961633622434195994,True
603,1625285082,-403640485088,52988958367616880415457,True
604,1625285074,-403639872200,52988957466649831096689,True
605,1625285064,-403639106110,52988956340441019448228,True
606,1625285047,-403637803791,52988954425886039645845,True
607,1625284794,-403618422726,52988925932803104939778,True
608,1625284728,-403613367192,52988918499824948059935,True
609,1625284481,-403594448968,52988890682467300342945,True
610,1625284391,-403587555148,52988880546587995506795,True
611,1625284280,-403579052548,52988868045670186208877,True
612,1625284069,-403562889526,52988844282664260426347,True
613,1625284030,-403559901970,52988839890449894997349,True
614,1625284008,-403558216506,52988837412790509370735,True
615,1625283697,-403534385509,52988807465305982066100,True
616,1625283690,-403533848973,52988806791246844795578,True
617,1625281858,-403393426173,52988630380341204853163,True
618,1625281531,-403368361296,52988598892150078073049,True
619,1625281429,-403360542384,52988589070145506416867,True
620,1625281423,-403360082406,52988588492380531613563,True
621,1625281416,-403359545660,52988587818321394343041,True
622,1625281384,-403357091484,52988584736808039540503,True
623,1625281320,-403352182876,52988578573781329935426,True
624,1625279436,-403207666888,52988397149682565935965,True
625,1625278623,-403145305723,52988318859983895483968,True
626,1625278325,-403122447633,52988290158939145805257,True
627,1625278281,-403119072393,52988285921200994845985,True
628,1625276993,-403020260897,52988161871047848583635,True
629,1625276906,-403013587127,52988153491883777368710,True
630,1625276896,-403012820037,52988152528761470332512,True
631,1625276871,-403010902337,52988150120955702742017,True
632,1625276687,-402996788433,52988132399505253275967,True
633,1625276535,-402985129273,52988117760046186325752,True
634,1625276222,-402961122799,52988087614317976092743,True
635,1625275236,-402885506459,52987992650458502323584,True
636,1625272791,-402698011634,52987757167054431973082,True
637,1625272758,-402695480732,52987753988750818753628,True
638,1625272634,-402685969560,52987742046034211504769,True
639,1625271473,-402596898801,52987630227534364602138,True
640,1625271473,-402596898801,52987630227534364602138,True
641,1625271235,-402578637061,52987607305223457140617,True
642,1625271129,-402570502515,52987596993640272889197,True
643,1625270827,-402547324619,52987567615356106437039,True
644,1625270573,-402527827325,52987542906468098891184,True
645,1625270505,-402522608325,52987536291490207107255,True
646,1625270503,-402522454863,52987536098865745700016,True
647,1625270461,-402519232203,52987532053752056147983,True
648,1625270440,-402517620978,52987530031195211371967,True
649,1625270430,-402516853738,52987529068072904335769,True
650,1625270405,-402514935688,52987526660267136745274,True
651,1625270402,-402514705528,52987526371330444634415,True
652,1625270379,-402512941037,52987524156149138451159,True
653,1625268774,-402389811857,52987369575018859141321,True
654,1625266732,-402233141449,52987172905443762349614,True
655,1625266703,-402230916511,52987170112389071944639,True
656,1625266677,-402228922701,52987167608271073650524,True
657,1625266668,-402228232599,52987166741489174891264,True
658,1625266501,-402215427874,52987150657869497913883,True
659,1625266490,-402214584471,52987149598469399430343,True
660,1625266479,-402213741299,52987148539069300946803,True
661,1625266444,-402211058899,52987145168250805771903,True
662,1625266243,-402195655666,52987125810121733481761,True
663,1625266234,-402194966014,52987124943339834722501,True
664,1625266212,-402193280352,52987122824539637755421,True
665,1625266189,-402191518276,52987120233789420542406,True
666,1625266095,-402184317030,52987109645505924106606,True
667,1625265597,-402146191146,52987053451440766554325,True
668,1625265498,-402138612498,52987042280331428004776,True
669,1625265261,-402120470385,52987015537372708446763,True
670,1625265254,-402119934570,52987014747496290569523,True
671,1625265197,-402115571619,52987008315645459283419,True
672,1625264235,-402041945911,52986899764057745296884,True
673,1625262513,-401910168139,52986705454458947495622,True
674,1625262275,-401891956141,52986678598660739669432,True
675,1625262198,-401886064332,52986669910020143019783,True
676,1625262177,-401884458315,52986667436580060598715,True
677,1625260537,-401759040955,52986474272687909620025,True
678,1625258503,-401603539621,52986234702348497979382,True
679,1625257272,-401509428440,52986089636753117569357,True
680,1625257260,-401508510992,52986088222628710936603,True
681,1625257153,-401500330307,52986075613352751794546,True
682,1625256987,-401487636951,52986056051298460041448,True
683,1625255974,-401410170815,52985936675629800126456,True
684,1625251520,-401069595705,52985411799787538269225,True
685,1625251441,-401063555286,52985402490135194603594,True
686,1625250082,-400959651582,52985242340546143444192,True
687,1625249014,-400877986962,52985116483473953129077,True
688,1625248998,-400876763122,52985114597974744285405,True
689,1625248946,-400872785018,52985108727417749746246,True
690,1625248933,-400871790388,52985107259778501111457,True
691,1625248105,-400808409472,52985013782447895757146,True
692,1625245441,-400604464288,52984713029297252443274,True
693,1625245344,-400597039714,52984702078450551091380,True
694,1625245327,-400595738551,52984700159229995184348,True
695,1625244160,-400506419872,52984568410383598507438,True
696,1625244092,-400501214608,52984560733501374879307,True
697,1625242704,-400394950716,52984404034787751410968,True
698,1625242265,-400361341315,52984354327455037126866,True
699,1625242024,-400342887704,52984327087464560787565,True
700,1625241610,-400311186896,52984280293456024669429,True
701,1625241508,-400303378184,52984268744144095610253,True
702,1625240229,-400205480966,52984123924830789074109,True
703,1625239482,-400148304092,52984039318369946753454,True
704,1625239320,-400135904288,52984020966540861433779,True
705,1625239200,-400126718288,52984007372593390826612,True
706,1625238928,-400105895056,52983976559645790783700,True
707,1625238780,-400094562104,52983959823337820520820,True
708,1625238178,-400048460342,52983891747274319856942,True
709,1625238032,-400037281414,52983875237132673516534,True
710,1625238026,-400036822132,52983874557435299986176,True
711,1625237980,-400033301430,52983869346422102920096,True
712,1625236520,-399921580770,52983703953394543866230,True
713,1625236289,-399903904419,52983677792677468093122,True
714,1625236223,-399898858851,52983669989494514991970,True
715,1625236041,-399884946953,52983648473260291618943,True
716,1625235853,-399870591837,52983626244839991242111,True
717,1625235831,-399868912137,52983623643641870985248,True
718,1625234895,-399797454153,52983512974485481875062,True
719,1625234491,-399766611177,52983465555145166776875,True
720,1625233877,-399719744557,52983393487137856206857,True
721,1625233650,-399702417647,52983323900233509056693,True
722,1625233591,-399697914944,52983305821724846377386,True
723,1625232660,-399626876851,52983020548986457319162,True
724,1625232101,-399584214530,52982849262777263459284,True
725,1625231729,-399555817166,52982735226088201169147,True
726,1625231712,-399554519607,52982730014734131118254,True
727,1625231648,-399549635639,52982710404148463127141,True
728,1625231542,-399541547839,52982677924115950516860,True
729,1625231479,-399536740939,52982658534424545413766,True
730,1625230625,-399471600381,52982395696385498460704,True
731,1625230060,-399428503876,52982226055400692731179,True
732,1625229952,-399420268012,52982183811053888919574,True
733,1625229317,-399371863867,52981935429940736879115,True
734,1625229164,-399360201595,52981875583782764812674,True
735,1625228956,-399344356155,52981790802343710643543,True
736,1625228500,-399309618075,52981604937725255084609,True
737,1625227264,-399215459595,52981101144633118829018,True
738,1625226955,-399191919975,52980975195283754702761,True
739,1625226902,-399187880686,52980954464261712091511,True
740,1625226501,-399157317268,52980797612566634976198,True
741,1625226218,-399135758328,52980682260897152621082,True
742,1625225716,-399097520988,52980477644154819962891,True
743,1625225600,-399088682948,52980430362198424368568,True
744,1625225538,-399083958238,52980406110814148106350,True
745,1625225510,-399081824358,52980395158576087858897,True
746,1625224946,-399038829510,52980174549209445731623,True
747,1625224701,-399020152670,52980078682071338628900,True
748,1625224393,-398996673214,52979957962661672817100,True
749,1625224329,-398991795710,52979932878109014986077,True
750,1625224067,-398971831834,52979825859968756627854,True
751,1625223957,-398963450164,52979780928688495485089,True
752,1625223631,-398938615484,52979647768712448825621,True
753,1625222790,-398874558196,52979304248651543179569,True
754,1625222418,-398846223700,52979152274176317803536,True
755,1625221882,-398805392828,52978933300201261885381,True
756,1625221840,-398802194108,52978916141792768697765,True
757,1625221064,-398743112572,52978598973127719328360,True
758,1625220898,-398730472170,52978531156560817682066,True
759,1625220863,-398727806745,52978516857887073359053,True
760,1625220863,-398727806745,52978516857887073359053,True
761,1625220749,-398719124277,52978470285064020421237,True
762,1625220693,-398714858981,52978447407186029504415,True
763,1625220358,-398689340021,52978310548451619555568,True
764,1625220326,-398686902261,52978297475378481888813,True
765,1625220302,-398685073773,52978287670573628638747,True
766,1625220266,-398682330897,52978272963366348763648,True
767,1625220256,-398681568877,52978269043284864139195,True
768,1625220195,-398676920494,52978245130787807930028,True
769,1625220148,-398673338953,52978226698227349010158,True
770,1625220104,-398669985757,52978209442213302361769,True
771,1625218969,-398583478327,52977764315487326318083,True
772,1625218835,-398573266857,52977711763080911525261,True
773,1625218603,-398555587297,52977620327515567241367,True
774,1625218593,-398554825187,52977616386327405849820,True
775,1625217843,-398497665437,52977320797215301483782,True
776,1625217735,-398489434433,52977278227951169707386,True
777,1625217598,-398478991197,52977224228051298842883,True
778,1625217505,-398471901714,52977187571184963146542,True
779,1625217451,-398467784322,52977166286552897258344,True
780,1625216772,-398416001745,52976961215636760396657,True
781,1625216722,-398412187745,52976946114685645752940,True
782,1625216697,-398410280595,52976938564210088431082,True
783,1625216681,-398409059891,52976933731905731745093,True
784,1625215860,-398346417591,52976685769462640217719,True
785,1625215188,-398295143991,52976481994811830847019,True
786,1625214870,-398270878047,52976385565736001412670,True
787,1625214817,-398266833299,52976369494223363173612,True
788,1625214759,-398262405463,52976351904910044216344,True
789,1625214635,-398252937939,52976314300171224376667,True
790,1625213597,-398173673145,52975999512115619589687,True
791,1625213561,-398170925229,52975988594610800926555,True
792,1625213521,-398167871989,52975976463874625370577,True
793,1625212478,-398088277530,52975660184066131105664,True
794,1625211959,-398048685096,52975502802263054860707,True
795,1625211944,-398047541121,52975498253656029535709,True
796,1625211902,-398044338621,52975481611456727613689,True
797,1625211101,-397983288804,52975164220941469529445,True
798,1625210834,-397962939132,52975058424103050168031,True
799,1625210703,-397952956408,52975006516290941792206,True
800,1625210703,-397952956408,52975006516290941792206,True
801,1625210607,-397945640824,52974968521990479389514,True
802,1625210469,-397935124672,52974913982909954084620,True
803,1625210327,-397924303704,52974857966739037554249,True
804,1625210113,-397907998402,52974769965876768510017,True
805,1625209435,-397856348362,52974491159406589014738,True
806,1625209320,-397847589847,52974443869223593967604,True
807,1625208802,-397808146737,52974230857790624972686,True
808,1625208358,-397774341465,52974048276562365834185,True
809,1625208321,-397771524544,52974033061460010905977,True
810,1625207803,-397732087650,52973820021807142625653,True
811,1625207754,-397728357182,52973799869407546977515,True
812,1625207541,-397712141279,52973712268160325078463,True
813,1625206960,-397667909168,52973468406200152168282,True
814,1625206912,-397664254880,52973448544647843013911,True
815,1625206839,-397658697317,52973418610009484788624,True
816,1625206776,-397653900182,52973392956301481566529,True
817,1625206599,-397640420570,52973320881598043942547,True
818,1625206597,-397640268248,52973320067194615268830,True
819,1625206483,-397631585324,52973273646199180866944,True
820,1625205466,-397554115349,52972859522055700281692,True
821,1625205452,-397553048829,52972853821231699565671,True
822,1625205427,-397551144254,52972843641188841144205,True
823,1625205318,-397542840089,52972799256201978426612,True
824,1625204768,-397500936139,52972575295259093154352,True
825,1625204744,-397499106787,52972565916497524809425,True
826,1625204743,-397499030558,52972565525715792795054,True
827,1625204518,-397481875208,52972477599826089561363,True
828,1625202571,-397333410617,52971716747793857579153,True
829,1625202111,-397298334697,52971536988197130968051,True
830,1625202069,-397295132155,52971520575364386364429,True
831,1625201835,-397277292463,52971429132439095001390,True
832,1625201661,-397264027051,52971361029984997327503,True
833,1625201064,-397218512965,52971132480771868789844,True
834,1625200348,-397163926557,52970858374099247270529,True
835,1625199811,-397122974937,52970652794094781131043,True
836,1625199488,-397098346833,52970529139827662764090,True
837,1625199452,-397095602229,52970515357927922017309,True
838,1625199138,-397071665067,52970395149135738837051,True
839,1625198380,-397013888033,52970104963580086446491,True
840,1625198380,-397013888033,52970104963580086446491,True
841,1625198359,-397012287287,52970096924138571010869,True
842,1625198069,-396990177977,52969985903279548328465,True
843,1625197492,-396946186343,52969765010053148025889,True
844,1625197442,-396942372143,52969750245337090186072,True
845,1625197432,-396941609123,52969747292393878618109,True
846,1625197253,-396927949633,52969694434710391551563,True
847,1625197132,-396918715760,52969658704097531579205,True
848,1625197006,-396909099314,52969621537571115208756,True
849,1625196962,-396905741014,52969608558784112666695,True
850,1625196826,-396895360814,52969568428318841104471,True
851,1625196416,-396864062644,52969447446769125365413,True
852,1625196358,-396859632488,52969430337799786579447,True
853,1625196337,-396858028424,52969424143172957019011,True
854,1625195569,-396799330952,52969197596820333094489,True
855,1625195510,-396794820284,52969180189570672897212,True
856,1625193036,-396605616186,52968450265237463946946,True
857,1625192958,-396599652306,52968427252263336906477,True
858,1625191817,-396512411446,52968090784186410663669,True
859,1625191219,-396466687768,52967914440707004972872,True
860,1625191011,-396450782840,52967853103844602993465,True
861,1625190812,-396435563917,52967794420981054945859,True
862,1625190434,-396406652587,52967682953029189810205,True
863,1625190167,-396386229490,52967604217729856500100,True
864,1625189572,-396340711990,52967428758916735453237,True
865,1625189523,-396336963490,52967414308700968638781,True
866,1625189238,-396315153295,52967336894291419337056,True
867,1625189140,-396307651101,52967310274599714664884,True
868,1625189116,-396305813757,52967303755491542092108,True
869,1625189098,-396304435695,52967298866160412662526,True
870,1625188991,-396296241314,52967271592169463344512,True
871,1625188907,-396289807418,52967250180812082571492,True
872,1625188735,-396276632046,52967206338508874321973,True
873,1625188592,-396265674671,52967192956853708916377,True
874,1625188487,-396257628836,52967183130804089798165,True
875,1625187610,-396190423449,52967101059894413925096,True
876,1625187602,-396189810417,52967100311243014373233,True
877,1625185701,-396044153896,52966922412954195861597,True
878,1625184709,-395968145864,52966822270339933702257,True
879,1625184684,-395966230339,52966819746532938171524,True
880,1625184684,-395966230339,52966819746532938171524,True
881,1625184664,-395964698099,52966813382275365561332,True
882,1625184530,-395954436915,52966770741749629073044,True
883,1625184508,-395952752353,52966763741066299201833,True
884,1625184455,-395948694567,52966746875783731784824,True
885,1625184430,-395946780742,52966738257721033699531,True
886,1625184193,-395928643369,52966656558486655850951,True
887,1625184082,-395920148095,52966618294288276352249,True
888,1625183989,-395913028108,52966586235095039474959,True
889,1625181934,-395755682923,52965932307629453777693,True
890,1625181434,-395717398923,52965773201190138522884,True
891,1625181059,-395688682923,52965653871360652081777,True
892,1625181004,-395684469868,52965636369652327403748,True
893,1625180685,-395660025855,52965604165875064431583,True
894,1625177903,-395446832849,52965323316632601771504,True
895,1625176585,-395345842417,52965190261527797391208,True
896,1625175766,-395283087361,52965107576621093730025,True
897,1625174943,-395220056260,52964845637598366620401,True
898,1625174543,-395189422260,52964718328231306056793,True
899,1625173883,-395138891340,52964508267775656126840,True
900,1625173266,-395091634693,52964311893076965207475,True
901,1625173232,-395089030871,52964301071780765059569,True
902,1625173217,-395087882231,52964296297753964167140,True
903,1625170008,-394842207609,52963189873931725503866,True
904,1625169998,-394841442129,52963186426054435885097,True
905,1625169868,-394831492709,52963141603649670841088,True
906,1625169699,-394818563871,52963083334523476283876,True
907,1625169611,-394811833279,52963049615502062885970,True
908,1625169607,-394811527383,52963048082819271367884,True
909,1625169329,-394790270391,52962941561365260860861,True
910,1625169302,-394788206349,52962931215756418113776,True
911,1625168576,-394732715265,52962653143838363382549,True
912,1625168178,-394702294533,52962499651578742536167,True
913,1625167463,-394647627778,52962223795593305651748,True
914,1625167406,-394643268874,52962201804276984109914,True
915,1625167366,-394640209114,52962186371774302326171,True
916,1625167289,-394634317074,52962159658522441149166,True
917,1625167211,-394628348436,52962132598345231125707,True
918,1625165942,-394531207755,52961692350077544974801,True
919,1625165928,-394530135775,52961687868831238762491,True
920,1625165928,-394530135775,52961687868831238762491,True
921,1625165452,-394493669891,52961535506456827543918,True
922,1625165376,-394487848519,52961511179691165248516,True
923,1625165080,-394465180543,52961416433340691045370,True
924,1625163751,-394363420342,52960991035030622748136,True
925,1625163701,-394359593792,52960973688763180425406,True
926,1625163419,-394338012050,52960875857277268903029,True
927,1625163050,-394309772111,52960747863973035711497,True
928,1625162880,-394296761841,52960688864812597322318,True
929,1625162348,-394256073949,52960483527953214234103,True
930,1625161688,-394205596489,52960229243476786929379,True
931,1625160821,-394139290930,52959895206141843788173,True
932,1625160781,-394136232290,52959879794961454254554,True
933,1625158983,-393998793170,52959187337855006478167,True
934,1625158661,-393974188506,52959063327182995252363,True
935,1625158052,-393927621930,52958828691961564603004,True
936,1625155782,-393753978280,52957954107474458570087,True
937,1625155641,-393743190370,52957905251781968748477,True
938,1625155482,-393731022100,52957850159192565332619,True
939,1625155476,-393730562878,52957848080226927467870,True
940,1625155424,-393726582382,52957830062524732640043,True
941,1625155333,-393719615604,52957798531545891691345,True
942,1625155291,-393716399328,52957784056983483552953,True
943,1625153046,-393544434573,52957010357159524726953,True
944,1625152334,-393489894661,52956764978863462952293,True
945,1625152247,-393483230374,52956734992933184235747,True
946,1625151985,-393463158292,52956644690476482813504,True
947,1625151857,-393453351956,52956600573245727920195,True
948,1625151821,-393450596336,52956588098235491429323,True
949,1625151761,-393446005196,52956567306551763944537,True
950,1625151687,-393440345454,52956538792776513800183,True
951,1625151630,-393435987861,52956516829463145445748,True
952,1625151460,-393422996971,52956451350893829372124,True
953,1625150494,-393349179115,52956079278552892153767,True
954,1625149858,-393300584263,52955834311670039078327,True
955,1625149784,-393294923189,52955808668593441847090,True
956,1625149095,-393242198842,52955569910758637896787,True
957,1625148208,-393174273269,52955264192136141097055,True
958,1625147939,-393153673518,52955172461239205890205,True
959,1625147730,-393137664954,52955101190765378907931,True
960,1625147730,-393137664954,52955101190765378907931,True
961,1625147337,-393107555259,52954967174994020036957,True
962,1625147174,-393095064406,52954950363262749559098,True
963,1625147116,-393090619286,52954944381174322027099,True
964,1625145678,-392980405214,52954796066637101492364,True
965,1625145388,-392958180774,52954766156194963832369,True
966,1625145375,-392957184597,52954764815382040420025,True
967,1625145366,-392956494954,52954763887126939596095,True
968,1625145330,-392953736454,52954760174106536300372,True
969,1625144444,-392885846704,52954668790108346060040,True
970,1625143393,-392805290707,52954560387645481565019,True
971,1625143201,-392790574675,52954540584341133341381,True
972,1625143197,-392790268099,52954540171772292753389,True
973,1625143189,-392789654963,52954539346634611577405,True
974,1625143179,-392788888593,52954538315212510107424,True
975,1625143152,-392786819583,52954535530372836138475,True
976,1625143077,-392781072633,52954527794707075113617,True
977,1625143070,-392780536265,52954527072711604084631,True
978,1625143026,-392777164853,52954522534454357616714,True
979,1625142851,-392763756528,52954462852950607526994,True
980,1625142819,-392761305008,52954451939761350367731,True
981,1625142790,-392759083521,52954442049683586067149,True
982,1625142744,-392755560197,52954426361974028900709,True
983,1625141694,-392675146997,52954068272951528362385,True
984,1625141628,-392670091991,52954045764498685471405,True
985,1625141585,-392666798234,52954031099900621163646,True
986,1625141535,-392662968084,52954014048042406852298,True
987,1625140976,-392620139181,52953823408267570851419,True
988,1625140972,-392619832653,52953822995698730263427,True
989,1625140962,-392619066213,52953821964276628793446,True
990,1625140875,-392612397489,52953812990904346004610,True
991,1625139414,-392500411839,52953662300135321240361,True
992,1625139211,-392484849859,52953641362266661399744,True
993,1625138216,-392408571169,52953538735767565136618,True
994,1625138153,-392403741904,52953532237808325875737,True
995,1625138127,-392401749082,52953529556110862053786,True
996,1625138121,-392401289206,52953528937257601171798,True
997,1625138101,-392399756346,52953526874413398231836,True
998,1625138091,-392398989956,52953525842991296761855,True
999,1625138076,-392397840461,52953524295858144556884,True
1000,1625138076,-392397840461,52953524295858144556884,True
1001,1625138057,-392396384491,52953522336156151763920,True
1002,1625138042,-392395235071,52953520789022999558949,True
1003,1625138024,-392393855821,52953518932463216912983,True
1004,1625138010,-392392783113,52953517488472274855010,True
1005,1625137897,-392384127087,52953478951272710511362,True
1006,1625137450,-392349892698,52953326507660274567904,True
1007,1625137433,-392348590906,52953320710028481702046,True
1008,1625136169,-392251814010,52952889639052823911149,True
1009,1625135970,-392236581953,52952821409862517775062,True
1010,1625135918,-392232602445,52952803581129372453070,True
1011,1625135744,-392219286573,52952743923445386183326,True
1012,1625135097,-392169780074,52952522092861828042380,True
1013,1625135080,-392168479013,52952516264237530533268,True
1014,1625135039,-392165341078,52952502206967165952467,True
1015,1625134398,-392116272528,52952282433545124579443,True
1016,1625133930,-392080443384,52952121974946816681510,True
1017,1625133921,-392079754416,52952118889204541529627,True
1018,1625133883,-392076845440,52952105861367280745627,True
1019,1625133816,-392071716992,52952082891233163047521,True
1020,1625133779,-392068885160,52952070206233724915731,True
1021,1625133497,-392047304828,52951973525967736992359,True
1022,1625133281,-392030775212,52951899320397317399700,True
1023,1625133134,-392019527213,52951848819384115176918,True
1024,1625133103,-392017155403,52951838169510582735379,True
1025,1625132876,-391999789222,52951760184952780663464,True
1026,1625132865,-391998947568,52951756405965398184209,True
1027,1625132724,-391988157825,52951707966218040950112,True
1028,1625132561,-391975681642,52951651968495918757504,True
1029,1625132543,-391974303526,52951645817644701549717,True
1030,1625132470,-391968713843,52951620872525876207022,True
1031,1625132445,-391966799393,52951612329676963418428,True
1032,1625132408,-391963965785,52951599686260572491309,True
1033,1625131997,-391932488528,52951459241824446246819,True
1034,1625131933,-391927586896,52951437372131229508018,True
1035,1625131371,-391884542754,52951245328887670020419,True
1036,1625131291,-391878415474,52951217991458123828948,True
1037,1625131276,-391877266594,52951212865690083918048,True
1038,1625131195,-391871062156,52951185186542668399184,True
1039,1625131158,-391868227808,52951172542981503285629,True
1040,1625131158,-391868227808,52951172542981503285629,True
1041,1625130189,-391793990780,52950841418366125041432,True
1042,1625129980,-391777978872,52950770264716112615236,True
1043,1625129887,-391770853770,52950738603044097516498,True
1044,1625129411,-391734406450,52950576549755074000377,True
1045,1625129380,-391732032253,52950565995864402300798,True
1046,1625129348,-391729580605,52950555101525644417362,True
1047,1625129315,-391727052211,52950543866738800350068,True
1048,1625129298,-391725749518,52950542114238323961399,True
1049,1625129256,-391722530890,52950537784531264648216,True
1050,1625129170,-391715940108,52950528918940619387889,True
1051,1625128523,-391666354675,52950462220834253301473,True
1052,1625128439,-391659916915,52950453561420134675107,True
1053,1625127431,-391582657747,52950349648450711158713,True
1054,1625126831,-391536670147,52950287790422768677718,True
1055,1625126730,-391528928800,52950277377654731693418,True
1056,1625126590,-391518198220,52950262944114878447853,True
1057,1625126577,-391517201705,52950261603857606360765,True
1058,1625126520,-391512831914,52950255727344951825071,True
1059,1625126502,-391511451890,52950253871604113550642,True
1060,1625126408,-391504244534,52950244180513069228620,True
1061,1625126375,-391501714226,52950240778321532392166,True
1062,1625126225,-391490208776,52950225313276390599811,True
1063,1625126199,-391488214290,52950222632668566022470,True
1064,1625126194,-391487830700,52950222117167061296059,True
1065,1625126188,-391487370278,52950221498565255624365,True
1066,1625125985,-391471792464,52950200569204163732045,True
1067,1625125957,-391469643604,52950197650675162732151,True
1068,1625125937,-391468108504,52950195566011590589370,True
1069,1625125918,-391466650121,52950193585581197053728,True
1070,1625125872,-391463119023,52950188790854981125331,True
1071,1625125861,-391462274619,52950187644290016446802,True
1072,1625125196,-391411224564,52950118329226242699317,True
1073,1625124826,-391382820774,52950079750776787806436,True
1074,1625124495,-391357410897,52950045237985001584100,True
1075,1625123794,-391303597230,52949972161834378753170,True
1076,1625123476,-391279185324,52949938829058201014067,True
1077,1625122828,-391229411796,52949872860130842167571,True
1078,1625122795,-391226876835,52949869500602134078167,True
1079,1625122781,-391225801383,52949868075347530646299,True
1080,1625122781,-391225801383,52949868075347530646299,True
1081,1625122759,-391224111189,52949865835661725253363,True
1082,1625122752,-391223573330,52949865123034423537429,True
1083,1625122732,-391222036490,52949863086956418634760,True
1084,1625122723,-391221344858,52949862170721316428559,True
1085,1625122101,-391173544158,52949798848695363955533,True
1086,1625122081,-391172006898,52949796757584202945254,True
1087,1625122031,-391168161748,52949791529806300419555,True
1088,1625121960,-391162701067,52949784106361678833063,True
1089,1625121951,-391162008472,52949783166006232640411,True
1090,1625121873,-391156004188,52949775016259032304087,True
1091,1625121823,-391152155288,52949769791945480232425,True
1092,1625121794,-391149922897,52949766761843620030861,True
1093,1625121769,-391147998222,52949764196592156654017,True
1094,1625121753,-391146766382,52949762554831220092837,True
1095,1625121538,-391130212887,52949740493668635051971,True
1096,1625121493,-391126747887,52949735876216000973651,True
1097,1625121408,-391120201697,52949727154361025492379,True
1098,1625120784,-391072144961,52949663149196689197866,True
1099,1625120751,-391069602641,52949659764308190643830,True
1100,1625120741,-391068832201,52949658808343846975632,True
1101,1625120717,-391066983097,52949656514029422171955,True
1102,1625120613,-391058969169,52949646572000248022686,True
1103,1625120497,-391050030209,52949635449714900430498,True
1104,1625119765,-390993623753,52949565264259086314271,True
1105,1625119760,-390993238488,52949564784850235124953,True
1106,1625119685,-390987459738,52949557593717467285176,True
1107,1625119638,-390983838435,52949553087274266105583,True
1108,1625119612,-390981835187,52949550594348239921127,True
1109,1625119535,-390975903107,52949542670975155455879,True
1110,1625119519,-390974670499,52949541024559969073490,True
1111,1625119472,-390971049760,52949536188215359075222,True
1112,1625119439,-390968507572,52949532792484037161545,True
1113,1625119277,-390956031790,52949516122530275039855,True
1114,1625119051,-390938627304,52949492865983939305588,True
1115,1625118588,-390902971211,52949445220935472734942,True
1116,1625118544,-390899582771,52949440693112292326501,True
1117,1625118433,-390891038435,52949429061179414784734,True
1118,1625118249,-390876876323,52949409779416806967750,True
1119,1625115607,-390673526867,52949132937721537367476,True
1120,1625115607,-390673526867,52949132937721537367476,True
1121,1625115593,-390672449357,52949131470732993168232,True
1122,1625115491,-390664599233,52949120782673599716594,True
1123,1625115412,-390658519551,52949112504666814592287,True
1124,1625115394,-390657134487,52949110618538686336116,True
1125,1625113079,-390479016072,52948868041504413389623,True
1126,1625112921,-390466860816,52948851485490843141008,True
1127,1625112849,-390461322288,52948843940978330116323,True
1128,1625112301,-390419167936,52948786517229625632129,True
1129,1625111982,-390394627904,52948753089901456415965,True
1130,1625111930,-390390627336,52948747640932601245932,True
1131,1625111862,-390385395484,52948740515357944485120,True
1132,1625111190,-390333691132,52948670097914277672386,True
1133,1625111175,-390332536927,52948668526096338681031,True
1134,1625111158,-390331228692,52948666744702674490828,True
1135,1625111072,-390324609788,52948657732946490940389,True
1136,1625110688,-390295055612,52948617494964648235618,True
1137,1625110514,-390281664746,52948599262129125760019,True
1138,1625110283,-390263888603,52948575056468173507931,True
1139,1625110271,-390262964987,52948573799031240923407,True
1140,1625108807,-390150258947,52948423154161142228111,True
1141,1625106770,-389993440502,52948213074095435340504,True
1142,1625106747,-389991669686,52948210702057383667252,True
1143,1625106722,-389989744336,52948208123755153587630,True
1144,1625106665,-389985353740,52948202245226069006092,True
1145,1625106631,-389982733938,52948198978423736396341,True
1146,1625106423,-389966704834,52948178993280054548447,True
1147,1625106290,-389956454790,52948166214317988751477,True
1148,1625106281,-389955761034,52948165349576194825367,True
1149,1625106259,-389954065076,52948163235762920783763,True
1150,1625106236,-389952291845,52948161025867225194814,True
1151,1625105981,-389932630070,52948136531819714363600,True
1152,1625105775,-389916744586,52948116744471529143090,True
1153,1625105710,-389911730291,52948110500890791088075,True
1154,1625105651,-389907178677,52948104833640582699677,True
1155,1625105638,-389906175740,52948103584924435088674,True
1156,1625105617,-389904555128,52948101420585198819073,True
1157,1625105558,-389900001095,52948095339822582633051,True
1158,1625105543,-389898843245,52948093793865985297622,True
1159,1625105417,-389889115919,52948080807830567680014,True
1160,1625105417,-389889115919,52948080807830567680014,True
1161,1625105410,-389888575491,52948080086384155590147,True
1162,1625105342,-389883325347,52948073078047581002867,True
1163,1625105263,-389877225441,52948064936009501702939,True
1164,1625105212,-389873286762,52948059675405419033863,True
1165,1625104525,-389820229752,52947988811973952491596,True
1166,1625102420,-389657660602,52947771755612825356966,True
1167,1625102419,-389657583379,52947771652498164488969,True
1168,1625102320,-389649938896,52947761452588425092138,True
1169,1625100394,-389501303698,52947563017980767735600,True
1170,1625098816,-389379524704,52947400428869166958812,True
1171,1625098584,-389361620104,52947376524766574195685,True
1172,1625098579,-389361234189,52947376009591949351653,True
1173,1625098570,-389360539479,52947375082277624632394,True
1174,1625098384,-389346180651,52947355917781580434370,True
1175,1625098367,-389344867928,52947354166187855964659,True
1176,1625098358,-389344172921,52947353238106022724233,True
1177,1625098324,-389341547237,52947349732019097149287,True
1178,1625098251,-389335909666,52947342204244227532492,True
1179,1625098244,-389335369049,52947341482402801678827,True
1180,1625098207,-389332511391,52947337666955265023739,True
1181,1625098183,-389330657559,52947335192070376382601,True
1182,1625098163,-389329112619,52947333129666302514986,True
1183,1625098090,-389323473369,52947325601891432898191,True
1184,1625098011,-389317370145,52947317455395341121111,True
1185,1625097940,-389311884472,52947310133860878891077,True
1186,1625097885,-389307634622,52947304462249675755135,True
1187,1625096818,-389225174728,52947200321166505494355,True
1188,1625096774,-389221774452,52947195783877542985602,True
1189,1625096702,-389216211084,52947188359222877062187,True
1190,1625096689,-389215206665,52947187018660229048238,True
1191,1625096367,-389190328623,52947153813954639779632,True
1192,1625096334,-389187779043,52947150410987917898067,True
1193,1625096305,-389185538532,52947147420502010790025,True
1194,1625096283,-389183838922,52947145151857529535649,True
1195,1625096042,-389165224082,52947120299888439430885,True
1196,1625095476,-389121507374,52947061933853148977371,True
1197,1625094689,-389060721068,52946980785635755227653,True
1198,1625094677,-389059794296,52946979548305883912537,True
1199,1625094144,-389018632838,52946924590237432999450,True
